ticker,as_of_date,entry_score,entry_signal,technical_score,valuation_score,risk_score,outcome_1m,outcome_3m,outcome_6m,outcome_12m,excess_1m,excess_3m,excess_6m,simulation_source,fundamentals_used,finra_observations_used
AAPL,2025-07-12,59.4,Watch,60.0,50.0,72.0,7.71,20.44,23.09,,5.74,12.520000000000001,11.15,manual,False,181
AMD,2025-07-12,71.9,Buy candidate,90.0,50.0,60.0,17.66,59.06,38.76,,15.69,51.14,26.82,manual,False,181
ASML,2025-07-12,70.8,Buy candidate,90.0,50.0,54.0,-9.83,22.58,59.54,,-11.8,14.659999999999998,47.6,manual,False,181
BTC-USD,2025-07-12,81.0,Buy candidate,100.0,50.0,80.0,-4.18,-1.26,-18.64,-41.49,-6.1499999999999995,-9.18,-30.58,manual,False,0
CRM,2025-07-12,31.9,Wait,10.0,50.0,61.0,-9.84,-4.77,1.06,,-11.81,-12.69,-10.879999999999999,manual,False,181
GLNG,2025-07-12,69.6,Watch,80.0,50.0,75.0,-1.57,-3.82,-3.34,,-3.54,-11.74,-15.28,manual,False,181
GOOG,2025-07-12,70.5,Buy candidate,80.0,50.0,78.0,11.21,33.71,81.82,,9.24,25.79,69.88,manual,False,181
IBM,2025-07-12,82.4,Buy candidate,100.0,50.0,87.0,-16.11,2.32,8.6,,-18.08,-5.6,-3.34,manual,False,181
IONQ,2025-07-12,69.2,Watch,90.0,50.0,47.0,7.49,85.36,18.27,,5.5200000000000005,77.44,6.33,manual,False,90
MSFT,2025-07-12,82.8,Buy candidate,100.0,50.0,90.0,3.67,3.96,-4.44,,1.7,-3.96,-16.38,manual,False,181
MU,2025-07-12,71.5,Buy candidate,90.0,50.0,57.0,-0.65,54.54,177.4,,-2.62,46.62,165.46,manual,False,181
NFLX,2025-07-12,81.9,Buy candidate,100.0,50.0,83.0,-2.15,-1.13,-28.15,,-4.12,-9.05,-40.089999999999996,manual,False,181
NVDA,2025-07-12,80.9,Buy candidate,100.0,50.0,80.0,10.39,16.77,12.1,,8.42,8.85,0.16000000000000014,manual,False,181
PLTR,2025-07-12,78.2,Buy candidate,100.0,50.0,64.0,28.56,30.52,24.9,,26.59,22.6,12.959999999999999,manual,False,114
QBTS,2025-07-12,68.7,Watch,90.0,50.0,43.0,17.29,136.8,89.8,,15.319999999999999,128.88000000000002,77.86,manual,False,70
RGTI,2025-07-12,65.5,Watch,90.0,50.0,26.0,31.2,286.78,102.96,,29.23,278.85999999999996,91.02,manual,False,80
SHOP,2025-07-12,75.4,Buy candidate,100.0,50.0,52.0,31.57,46.17,46.71,,29.6,38.25,34.77,manual,False,181
SNOW,2025-07-12,79.7,Buy candidate,100.0,50.0,74.0,-9.03,18.89,3.91,,-11.0,10.97,-8.03,manual,False,115
SPY,2025-07-12,85.0,Buy candidate,100.0,50.0,100.0,1.97,7.92,11.94,,0.0,0.0,0.0,manual,False,181
ZS,2025-07-12,74.8,Buy candidate,90.0,50.0,72.0,-6.41,8.79,-25.2,,-8.38,0.8699999999999992,-37.14,manual,False,175
AAPL,2025-07-13,59.4,Watch,60.0,50.0,72.0,7.71,20.44,23.09,,5.74,12.520000000000001,11.15,manual,False,181
AMD,2025-07-13,71.9,Buy candidate,90.0,50.0,60.0,17.66,59.06,38.76,,15.69,51.14,26.82,manual,False,181
ASML,2025-07-13,70.8,Buy candidate,90.0,50.0,54.0,-9.83,22.58,59.54,,-11.8,14.659999999999998,47.6,manual,False,181
BTC-USD,2025-07-13,81.0,Buy candidate,100.0,50.0,80.0,-4.11,-3.11,-20.94,-43.04,-6.08,-11.03,-32.88,manual,False,0
CRM,2025-07-13,31.9,Wait,10.0,50.0,61.0,-9.84,-4.77,1.06,,-11.81,-12.69,-10.879999999999999,manual,False,181
GLNG,2025-07-13,69.6,Watch,80.0,50.0,75.0,-1.57,-3.82,-3.34,,-3.54,-11.74,-15.28,manual,False,181
GOOG,2025-07-13,70.5,Buy candidate,80.0,50.0,78.0,11.21,33.71,81.82,,9.24,25.79,69.88,manual,False,181
IBM,2025-07-13,82.4,Buy candidate,100.0,50.0,87.0,-16.11,2.32,8.6,,-18.08,-5.6,-3.34,manual,False,181
IONQ,2025-07-13,69.2,Watch,90.0,50.0,47.0,7.49,85.36,18.27,,5.5200000000000005,77.44,6.33,manual,False,90
MSFT,2025-07-13,82.8,Buy candidate,100.0,50.0,90.0,3.67,3.96,-4.44,,1.7,-3.96,-16.38,manual,False,181
MU,2025-07-13,71.5,Buy candidate,90.0,50.0,57.0,-0.65,54.54,177.4,,-2.62,46.62,165.46,manual,False,181
NFLX,2025-07-13,81.9,Buy candidate,100.0,50.0,83.0,-2.15,-1.13,-28.15,,-4.12,-9.05,-40.089999999999996,manual,False,181
NVDA,2025-07-13,80.9,Buy candidate,100.0,50.0,80.0,10.39,16.77,12.1,,8.42,8.85,0.16000000000000014,manual,False,181
PLTR,2025-07-13,78.2,Buy candidate,100.0,50.0,64.0,28.56,30.52,24.9,,26.59,22.6,12.959999999999999,manual,False,114
QBTS,2025-07-13,68.7,Watch,90.0,50.0,43.0,17.29,136.8,89.8,,15.319999999999999,128.88000000000002,77.86,manual,False,70
RGTI,2025-07-13,65.5,Watch,90.0,50.0,26.0,31.2,286.78,102.96,,29.23,278.85999999999996,91.02,manual,False,80
SHOP,2025-07-13,75.4,Buy candidate,100.0,50.0,52.0,31.57,46.17,46.71,,29.6,38.25,34.77,manual,False,181
SNOW,2025-07-13,79.7,Buy candidate,100.0,50.0,74.0,-9.03,18.89,3.91,,-11.0,10.97,-8.03,manual,False,115
SPY,2025-07-13,85.0,Buy candidate,100.0,50.0,100.0,1.97,7.92,11.94,,0.0,0.0,0.0,manual,False,181
ZS,2025-07-13,74.8,Buy candidate,90.0,50.0,72.0,-6.41,8.79,-25.2,,-8.38,0.8699999999999992,-37.14,manual,False,175
AAPL,2026-02-05,78.8,Buy candidate,100.0,38.0,87.0,-5.72,4.28,,,-5.819999999999999,-3.9799999999999995,,suggested,True,195
AMD,2026-02-05,42.8,Wait,40.0,50.0,38.0,5.29,112.19,,,5.19,103.92999999999999,,suggested,True,195
ASML,2026-02-05,80.2,Buy candidate,100.0,50.0,73.0,0.67,12.72,,,0.5700000000000001,4.460000000000001,,suggested,False,195
BTC-USD,2026-02-05,25.0,Wait,0.0,50.0,50.0,7.58,14.46,1.37,,7.48,6.200000000000001,,suggested,False,0
CRM,2026-02-05,25.0,Wait,0.0,50.0,50.0,4.64,-1.67,,,4.54,-9.93,,suggested,False,195
GLNG,2026-02-05,71.2,Buy candidate,80.0,50.0,80.0,13.07,36.6,,,12.97,28.340000000000003,,suggested,False,195
GOOG,2026-02-05,82.1,Buy candidate,100.0,50.0,87.0,-7.58,19.39,,,-7.68,11.13,,suggested,False,195
IBM,2026-02-05,51.6,Wait,40.0,50.0,83.0,-12.11,-19.75,,,-12.209999999999999,-28.009999999999998,,suggested,False,195
IONQ,2026-02-05,19.6,Wait,0.0,50.0,25.0,17.88,56.69,,,17.779999999999998,48.43,,suggested,False,104
MSFT,2026-02-05,27.5,Wait,0.0,50.0,63.0,4.24,7.13,,,4.140000000000001,-1.13,,suggested,False,195
MU,2026-02-05,75.4,Buy candidate,100.0,50.0,53.0,1.68,68.95,,,1.5799999999999998,60.690000000000005,,suggested,False,195
NFLX,2026-02-05,24.9,Wait,0.0,50.0,51.0,21.58,9.13,,,21.479999999999997,0.870000000000001,,suggested,False,195
NVDA,2026-02-05,42.7,Wait,30.0,50.0,64.0,6.27,23.06,,,6.17,14.799999999999999,,suggested,False,195
PLTR,2026-02-05,25.8,Wait,10.0,50.0,28.0,20.32,5.41,,,20.22,-2.8499999999999996,,suggested,False,128
QBTS,2026-02-05,24.6,Wait,10.0,50.0,25.0,10.63,27.77,,,10.530000000000001,19.509999999999998,,suggested,False,84
RGTI,2026-02-05,24.8,Wait,10.0,50.0,25.0,17.53,22.47,,,17.43,14.209999999999999,,suggested,False,94
SHOP,2026-02-05,21.1,Wait,0.0,50.0,28.0,20.01,0.45,,,19.91,-7.81,,suggested,False,195
SNOW,2026-02-05,23.1,Wait,0.0,50.0,40.0,16.67,-1.91,,,16.57,-10.17,,suggested,False,129
SPY,2026-02-05,69.6,Watch,70.0,50.0,98.0,0.1,8.26,,,0.0,0.0,,suggested,False,195
ZS,2026-02-05,22.6,Wait,0.0,50.0,40.0,-4.0,-9.8,,,-4.1,-18.060000000000002,,suggested,False,189
AAPL,2026-02-27,53.0,Wait,50.0,38.0,83.0,-6.64,18.23,,,0.9800000000000004,7.65,,manual,True,197
AMD,2026-02-27,43.3,Wait,40.0,50.0,41.0,-2.08,157.78,,,5.54,147.2,,manual,True,197
ASML,2026-02-27,80.6,Buy candidate,100.0,50.0,76.0,-13.55,11.42,,,-5.930000000000001,0.8399999999999999,,manual,False,197
BTC-USD,2026-02-27,25.0,Wait,0.0,50.0,50.0,7.04,18.67,-5.07,,14.66,8.090000000000002,,manual,False,0
CRM,2026-02-27,25.4,Wait,0.0,50.0,54.0,-5.01,-1.65,,,2.6100000000000003,-12.23,,manual,False,197
GLNG,2026-02-27,82.6,Buy candidate,100.0,50.0,88.0,22.29,12.5,,,29.91,1.92,,manual,False,197
GOOG,2026-02-27,61.6,Watch,60.0,50.0,81.0,-12.23,20.96,,,-4.61,10.38,,manual,False,197
IBM,2026-02-27,28.3,Wait,0.0,50.0,67.0,-1.23,24.89,,,6.390000000000001,14.31,,manual,False,197
IONQ,2026-02-27,24.6,Wait,10.0,50.0,25.0,-30.7,87.83,,,-23.08,77.25,,manual,False,106
MSFT,2026-02-27,27.3,Wait,0.0,50.0,63.0,-8.6,14.89,,,-0.9799999999999995,4.3100000000000005,,manual,False,197
MU,2026-02-27,72.0,Buy candidate,90.0,50.0,60.0,-21.93,135.57,,,-14.309999999999999,124.99,,manual,False,197
NFLX,2026-02-27,42.1,Wait,30.0,50.0,62.0,-3.4,-10.62,,,4.220000000000001,-21.2,,manual,False,197
NVDA,2026-02-27,43.2,Wait,30.0,50.0,66.0,-6.78,19.17,,,0.8399999999999999,8.590000000000002,,manual,False,197
PLTR,2026-02-27,26.3,Wait,10.0,50.0,32.0,0.26,14.1,,,7.88,3.5199999999999996,,manual,False,130
QBTS,2026-02-27,29.7,Wait,20.0,50.0,25.0,-30.88,60.49,,,-23.259999999999998,49.910000000000004,,manual,False,86
RGTI,2026-02-27,30.0,Wait,20.0,50.0,25.0,-25.95,46.61,,,-18.33,36.03,,manual,False,96
SHOP,2026-02-27,26.7,Wait,10.0,50.0,33.0,-7.42,-1.67,,,0.20000000000000018,-12.25,,manual,False,197
SNOW,2026-02-27,28.0,Wait,10.0,50.0,41.0,-8.75,51.74,,,-1.13,41.160000000000004,,manual,False,131
SPY,2026-02-27,70.3,Buy candidate,70.0,50.0,99.0,-7.62,10.58,,,0.0,0.0,,manual,False,197
ZS,2026-02-27,22.7,Wait,0.0,50.0,40.0,-6.62,-4.94,,,1.0,-15.52,,manual,False,191
AAPL,2026-03-31,42.0,Wait,30.0,38.0,79.0,6.92,16.1,,,-3.59,1.1300000000000008,,manual,True,199
AMD,2026-03-31,48.4,Wait,50.0,50.0,42.0,74.26,165.88,,,63.75000000000001,150.91,,manual,True,199
ASML,2026-03-31,57.8,Watch,70.0,30.0,67.0,9.18,39.84,,,-1.33,24.870000000000005,,manual,True,199
BTC-USD,2026-03-31,25.0,Wait,0.0,50.0,50.0,11.9,-2.24,,,1.3900000000000006,-17.21,,manual,False,0
CRM,2026-03-31,25.5,Wait,0.0,50.0,55.0,-5.2,-12.11,,,-15.71,-27.08,,manual,False,199
GLNG,2026-03-31,80.4,Buy candidate,100.0,40.0,89.0,1.63,-7.69,,,-8.879999999999999,-22.66,,manual,True,199
GOOG,2026-03-31,51.5,Wait,40.0,55.0,74.0,33.15,24.84,,,22.64,9.87,,manual,True,199
IBM,2026-03-31,38.3,Wait,20.0,50.0,68.0,-4.71,18.96,,,-15.219999999999999,3.99,,manual,True,199
IONQ,2026-03-31,19.8,Wait,10.0,33.0,25.0,56.5,78.29,,,45.99,63.32000000000001,,manual,True,108
MSFT,2026-03-31,29.5,Wait,0.0,60.0,59.0,10.16,4.04,,,-0.34999999999999964,-10.93,,manual,True,199
MU,2026-03-31,57.7,Watch,70.0,50.0,39.0,53.08,205.55,,,42.57,190.58,,manual,False,199
NFLX,2026-03-31,60.2,Watch,60.0,60.0,62.0,-2.64,-22.84,,,-13.15,-37.81,,manual,True,199
NVDA,2026-03-31,32.8,Wait,10.0,50.0,65.0,14.43,13.42,,,3.92,-1.5500000000000007,,manual,False,199
PLTR,2026-03-31,32.1,Wait,20.0,40.0,51.0,-4.9,-14.05,,,-15.41,-29.020000000000003,,manual,True,132
QBTS,2026-03-31,9.6,Wait,10.0,0.0,25.0,40.54,62.86,,,30.03,47.89,,manual,True,88
RGTI,2026-03-31,24.9,Wait,10.0,50.0,25.0,24.29,33.05,,,13.78,18.08,,manual,True,98
SHOP,2026-03-31,18.8,Wait,10.0,25.0,32.0,2.12,2.54,,,-8.39,-12.43,,manual,True,199
SNOW,2026-03-31,27.8,Wait,10.0,50.0,40.0,-9.51,73.18,,,-20.02,58.21000000000001,,manual,False,133
SPY,2026-03-31,38.5,Wait,10.0,50.0,94.0,10.51,14.97,,,0.0,0.0,,manual,False,199
ZS,2026-03-31,22.8,Wait,0.0,50.0,40.0,-6.85,4.39,,,-17.36,-10.580000000000002,,manual,False,193
AAPL,2026-05-08,81.2,Buy candidate,100.0,38.0,100.0,-0.85,,,,-0.77,,,suggested,True,201
AMD,2026-05-08,77.9,Buy candidate,100.0,50.0,65.0,4.46,,,,4.54,,,suggested,True,201
ASML,2026-05-08,77.7,Buy candidate,100.0,30.0,90.0,11.67,,,,11.75,,,suggested,True,201
BTC-USD,2026-05-08,56.0,Watch,60.0,50.0,55.0,-8.5,-20.03,,,-8.42,,,suggested,False,0
CRM,2026-05-08,36.2,Wait,10.0,70.0,53.0,-3.56,,,,-3.48,,,suggested,True,201
GLNG,2026-05-08,79.9,Buy candidate,100.0,40.0,88.0,-8.5,,,,-8.42,,,suggested,True,201
GOOG,2026-05-08,84.8,Buy candidate,100.0,55.0,90.0,-8.7,,,,-8.62,,,suggested,True,201
IBM,2026-05-08,27.5,Wait,0.0,50.0,64.0,20.77,,,,20.849999999999998,,,suggested,True,201
IONQ,2026-05-08,60.2,Watch,90.0,33.0,25.0,15.13,,,,15.21,,,suggested,True,110
MSFT,2026-05-08,53.1,Wait,40.0,60.0,77.0,-2.61,,,,-2.53,,,suggested,True,201
MU,2026-05-08,77.7,Buy candidate,100.0,50.0,65.0,25.32,,,,25.4,,,suggested,False,201
NFLX,2026-05-08,33.8,Wait,10.0,60.0,56.0,-6.95,,,,-6.87,,,suggested,True,201
NVDA,2026-05-08,86.2,Buy candidate,100.0,60.0,90.0,-3.14,,,,-3.06,,,suggested,True,201
PLTR,2026-05-08,36.1,Wait,30.0,40.0,47.0,-4.16,,,,-4.08,,,suggested,True,134
QBTS,2026-05-08,40.1,Wait,70.0,0.0,25.0,4.21,,,,4.29,,,suggested,True,90
RGTI,2026-05-08,54.9,Wait,70.0,50.0,25.0,3.96,,,,4.04,,,suggested,True,100
SHOP,2026-05-08,20.6,Wait,10.0,25.0,42.0,0.01,,,,0.09,,,suggested,True,201
SNOW,2026-05-08,22.6,Wait,10.0,33.0,40.0,57.21,,,,57.29,,,suggested,True,135
SPY,2026-05-08,84.9,Buy candidate,100.0,50.0,100.0,-0.08,,,,0.0,,,suggested,False,201
ZS,2026-05-08,37.6,Wait,30.0,50.0,40.0,-17.28,,,,-17.200000000000003,,,suggested,True,195
AAPL,2025-11-28,79.2,Buy candidate,100.0,38.0,90.0,-2.07,-5.33,13.25,,-2.9,-5.18,1.4700000000000006,suggested,True,191
AMD,2025-11-28,60.1,Watch,70.0,50.0,48.0,-1.01,-12.22,139.76,,-1.8399999999999999,-12.07,127.97999999999999,suggested,False,191
ASML,2025-11-28,78.2,Buy candidate,90.0,50.0,89.0,1.15,28.56,61.45,,0.31999999999999995,28.709999999999997,49.67,suggested,False,191
BTC-USD,2025-11-28,32.6,Wait,10.0,50.0,63.0,-3.1,-7.47,-26.38,,-3.93,-7.319999999999999,-38.16,suggested,False,0
CRM,2025-11-28,25.6,Wait,0.0,50.0,54.0,15.53,-14.82,-12.52,,14.7,-14.67,-24.299999999999997,suggested,False,191
GLNG,2025-11-28,29.2,Wait,0.0,50.0,72.0,0.92,23.82,40.8,,0.09000000000000008,23.97,29.019999999999996,suggested,False,191
GOOG,2025-11-28,82.4,Buy candidate,100.0,50.0,89.0,-1.68,-5.11,12.11,,-2.51,-4.96,0.33000000000000007,suggested,False,191
IBM,2025-11-28,82.2,Buy candidate,100.0,50.0,88.0,-2.12,-20.06,8.09,,-2.95,-19.91,-3.6899999999999995,suggested,False,191
IONQ,2025-11-28,44.8,Wait,50.0,50.0,26.0,-8.09,-24.85,44.83,,-8.92,-24.700000000000003,33.05,suggested,False,100
MSFT,2025-11-28,53.1,Wait,40.0,50.0,91.0,-0.92,-17.71,-9.91,,-1.75,-17.560000000000002,-21.689999999999998,suggested,False,191
MU,2025-11-28,77.6,Buy candidate,100.0,50.0,59.0,23.79,60.62,350.35,,22.96,60.769999999999996,338.57000000000005,suggested,False,191
NFLX,2025-11-28,33.8,Wait,10.0,50.0,71.0,-12.83,-9.18,-22.54,,-13.66,-9.03,-34.32,suggested,False,191
NVDA,2025-11-28,53.0,Wait,50.0,50.0,66.0,5.96,1.73,25.9,,5.13,1.88,14.12,suggested,False,191
PLTR,2025-11-28,49.5,Wait,50.0,50.0,47.0,7.36,-12.6,-9.66,,6.53,-12.45,-21.439999999999998,suggested,False,124
QBTS,2025-11-28,45.4,Wait,50.0,50.0,25.0,15.79,-19.54,31.94,,14.959999999999999,-19.39,20.160000000000004,suggested,False,80
RGTI,2025-11-28,45.3,Wait,50.0,50.0,25.0,-12.36,-33.67,5.12,,-13.19,-33.52,-6.659999999999999,suggested,False,90
SHOP,2025-11-28,73.9,Buy candidate,90.0,50.0,69.0,3.21,-23.18,-26.24,,2.38,-23.03,-38.019999999999996,suggested,False,191
SNOW,2025-11-28,74.3,Buy candidate,90.0,50.0,71.0,-11.62,-34.01,3.94,,-12.45,-33.86,-7.84,suggested,False,125
SPY,2025-11-28,80.4,Buy candidate,90.0,50.0,100.0,0.83,-0.15,11.78,,0.0,0.0,0.0,suggested,False,191
ZS,2025-11-28,31.0,Wait,10.0,50.0,55.0,-9.57,-38.5,-42.68,,-10.4,-38.35,-54.46,suggested,False,185
AAPL,2025-10-02,79.8,Buy candidate,100.0,38.0,90.0,5.15,5.5,0.86,,3.2300000000000004,3.11,1.8399999999999999,suggested,True,187
AMD,2025-10-02,80.3,Buy candidate,100.0,50.0,73.0,50.9,31.66,29.72,,48.98,29.27,30.7,suggested,False,187
ASML,2025-10-02,81.4,Buy candidate,100.0,50.0,80.0,3.0,13.17,26.97,,1.08,10.78,27.95,suggested,False,187
BTC-USD,2025-10-02,82.6,Buy candidate,100.0,50.0,88.0,-8.79,-23.65,-48.04,-47.33,-10.709999999999999,-26.04,-47.06,suggested,False,0
CRM,2025-10-02,25.9,Wait,0.0,50.0,56.0,9.01,6.34,-22.42,,7.09,3.9499999999999997,-21.44,suggested,False,187
GLNG,2025-10-02,38.7,Wait,20.0,50.0,67.0,4.37,-2.88,43.44,,2.45,-5.27,44.419999999999995,suggested,False,187
GOOG,2025-10-02,83.0,Buy candidate,100.0,50.0,87.0,14.36,28.04,20.95,,12.44,25.65,21.93,suggested,False,187
IBM,2025-10-02,77.8,Buy candidate,90.0,50.0,88.0,7.22,2.23,-12.98,,5.3,-0.16000000000000014,-12.0,suggested,False,187
IONQ,2025-10-02,76.2,Buy candidate,100.0,50.0,58.0,-10.37,-32.8,-57.99,,-12.29,-35.19,-57.010000000000005,suggested,False,96
MSFT,2025-10-02,84.9,Buy candidate,100.0,50.0,97.0,0.4,-8.13,-27.4,,-1.52,-10.520000000000001,-26.419999999999998,suggested,False,187
MU,2025-10-02,81.4,Buy candidate,100.0,50.0,80.0,21.86,71.83,105.88,,19.939999999999998,69.44,106.86,suggested,False,187
NFLX,2025-10-02,50.5,Wait,40.0,50.0,77.0,-3.76,-21.73,-14.9,,-5.68,-24.12,-13.92,suggested,False,187
NVDA,2025-10-02,81.1,Buy candidate,100.0,50.0,80.0,7.2,-0.02,-5.95,,5.28,-2.41,-4.970000000000001,suggested,False,187
PLTR,2025-10-02,78.3,Buy candidate,100.0,50.0,65.0,7.17,-10.26,-20.91,,5.25,-12.65,-19.93,suggested,False,120
QBTS,2025-10-02,78.2,Buy candidate,100.0,50.0,65.0,26.87,-3.7,-51.59,,24.950000000000003,-6.09,-50.61000000000001,suggested,False,76
RGTI,2025-10-02,78.3,Buy candidate,100.0,50.0,65.0,25.06,-33.33,-59.89,,23.14,-35.72,-58.910000000000004,suggested,False,86
SHOP,2025-10-02,77.7,Buy candidate,100.0,50.0,62.0,14.91,3.9,-21.48,,12.99,1.5099999999999998,-20.5,suggested,False,187
SNOW,2025-10-02,81.2,Buy candidate,100.0,50.0,80.0,14.28,-9.91,-37.9,,12.36,-12.3,-36.92,suggested,False,121
SPY,2025-10-02,85.1,Buy candidate,100.0,50.0,100.0,1.92,2.39,-0.98,,0.0,0.0,0.0,suggested,False,187
ZS,2025-10-02,78.3,Buy candidate,90.0,50.0,88.0,7.66,-28.29,-54.64,,5.74,-30.68,-53.660000000000004,suggested,False,181
AAPL,2025-05-20,39.5,Wait,20.0,50.0,71.0,-2.83,9.38,29.56,48.02,-3.37,1.4300000000000006,17.58,suggested,False,178
AMD,2025-05-20,48.5,Wait,50.0,50.0,42.0,12.98,45.54,102.88,296.08,12.440000000000001,37.589999999999996,90.89999999999999,suggested,False,178
ASML,2025-05-20,69.8,Watch,90.0,50.0,49.0,1.04,0.35,34.68,114.28,0.5,-7.6000000000000005,22.7,suggested,False,178
BTC-USD,2025-05-20,81.0,Buy candidate,100.0,50.0,80.0,3.25,12.36,4.89,-16.56,2.71,4.409999999999999,-7.090000000000001,suggested,False,0
CRM,2025-05-20,48.5,Wait,40.0,50.0,69.0,-9.38,-14.31,-18.67,-38.34,-9.920000000000002,-22.26,-30.650000000000002,suggested,False,178
GLNG,2025-05-20,74.0,Buy candidate,90.0,50.0,72.0,5.29,5.54,-4.8,34.83,4.75,-2.41,-16.78,suggested,False,178
GOOG,2025-05-20,44.3,Wait,30.0,50.0,70.0,1.58,21.24,72.73,132.76,1.04,13.29,60.75,suggested,False,178
IBM,2025-05-20,82.7,Buy candidate,100.0,50.0,90.0,5.25,-8.53,9.95,-2.81,4.71,-16.48,-2.030000000000001,suggested,False,178
IONQ,2025-05-20,72.0,Buy candidate,100.0,50.0,35.0,14.3,4.19,39.11,66.78,13.760000000000002,-3.76,27.13,suggested,False,87
MSFT,2025-05-20,82.7,Buy candidate,100.0,50.0,89.0,4.2,10.38,7.95,-7.8,3.66,2.4300000000000006,-4.03,suggested,False,178
MU,2025-05-20,56.1,Watch,70.0,50.0,30.0,25.99,19.59,133.29,678.72,25.45,11.64,121.30999999999999,suggested,False,178
NFLX,2025-05-20,83.2,Buy candidate,100.0,50.0,90.0,3.3,1.83,-4.29,-25.09,2.76,-6.12,-16.27,suggested,False,178
NVDA,2025-05-20,69.0,Watch,80.0,50.0,70.0,7.05,30.53,34.98,63.39,6.51,22.580000000000002,22.999999999999996,suggested,False,178
PLTR,2025-05-20,77.8,Buy candidate,100.0,50.0,62.0,9.32,24.22,33.24,9.42,8.780000000000001,16.27,21.26,suggested,False,111
QBTS,2025-05-20,78.2,Buy candidate,100.0,50.0,65.0,-5.5,-9.06,38.47,55.43,-6.04,-17.01,26.49,suggested,False,67
RGTI,2025-05-20,70.5,Buy candidate,100.0,50.0,25.0,-7.21,23.83,115.69,84.9,-7.75,15.879999999999999,103.71,suggested,False,77
SHOP,2025-05-20,64.3,Watch,80.0,50.0,48.0,-0.03,29.0,31.96,-1.48,-0.5700000000000001,21.05,19.98,suggested,False,178
SNOW,2025-05-20,75.1,Buy candidate,90.0,50.0,75.0,15.92,6.52,39.17,-9.48,15.379999999999999,-1.4300000000000006,27.19,suggested,False,112
SPY,2025-05-20,79.3,Buy candidate,90.0,50.0,98.0,0.54,7.95,11.98,26.72,0.0,0.0,0.0,suggested,False,178
ZS,2025-05-20,80.6,Buy candidate,100.0,50.0,80.0,20.24,8.67,16.34,-32.13,19.7,0.7199999999999998,4.359999999999999,suggested,False,172
AAPL,2026-04-08,47.4,Wait,40.0,38.0,81.0,11.02,22.25,,,2.799999999999999,10.77,,suggested,True,199
AMD,2026-04-08,75.6,Buy candidate,100.0,50.0,53.0,76.2,135.84,,,67.98,124.36,,suggested,True,199
ASML,2026-04-08,74.2,Buy candidate,100.0,30.0,74.0,6.96,27.24,,,-1.2600000000000007,15.759999999999998,,suggested,True,199
BTC-USD,2026-04-08,35.0,Wait,20.0,50.0,50.0,6.54,-13.6,,,-1.6800000000000006,-25.08,,suggested,False,0
CRM,2026-04-08,24.7,Wait,0.0,50.0,51.0,5.92,-7.4,,,-2.3000000000000007,-18.880000000000003,,suggested,False,199
GLNG,2026-04-08,80.4,Buy candidate,100.0,40.0,89.0,0.29,-6.82,,,-7.930000000000001,-18.3,,suggested,True,199
GOOG,2026-04-08,83.1,Buy candidate,100.0,55.0,82.0,25.6,13.25,,,17.380000000000003,1.7699999999999996,,suggested,True,199
IBM,2026-04-08,33.3,Wait,10.0,50.0,68.0,-4.31,23.06,,,-12.530000000000001,11.579999999999998,,suggested,True,199
IONQ,2026-04-08,19.8,Wait,10.0,33.0,25.0,64.47,54.43,,,56.25,42.95,,suggested,True,108
MSFT,2026-04-08,34.7,Wait,10.0,60.0,60.0,12.41,2.9,,,4.1899999999999995,-8.58,,suggested,True,199
MU,2026-04-08,75.7,Buy candidate,100.0,50.0,54.0,58.98,143.85,,,50.76,132.37,,suggested,False,199
NFLX,2026-04-08,65.8,Watch,70.0,60.0,65.0,-11.21,-24.07,,,-19.43,-35.55,,suggested,True,199
NVDA,2026-04-08,45.4,Wait,30.0,50.0,78.0,16.16,11.5,,,7.9399999999999995,0.019999999999999574,,suggested,False,199
PLTR,2026-04-08,26.5,Wait,10.0,40.0,48.0,-2.64,-8.33,,,-10.860000000000001,-19.810000000000002,,suggested,True,132
QBTS,2026-04-08,9.6,Wait,10.0,0.0,25.0,50.93,45.23,,,42.71,33.75,,suggested,True,88
RGTI,2026-04-08,24.9,Wait,10.0,50.0,25.0,26.22,16.93,,,18.0,5.449999999999999,,suggested,True,98
SHOP,2026-04-08,22.0,Wait,10.0,25.0,48.0,-6.96,2.56,,,-15.18,-8.92,,suggested,True,199
SNOW,2026-04-08,27.8,Wait,10.0,50.0,40.0,2.49,78.34,,,-5.73,66.86,,suggested,False,133
SPY,2026-04-08,64.2,Watch,60.0,50.0,98.0,8.22,11.48,,,0.0,0.0,,suggested,False,199
ZS,2026-04-08,22.8,Wait,0.0,50.0,40.0,10.84,6.72,,,2.619999999999999,-4.760000000000001,,suggested,False,193
AAPL,2026-05-13,81.2,Buy candidate,100.0,38.0,100.0,-2.59,,,,-2.51,,,suggested,True,201
AMD,2026-05-13,77.5,Buy candidate,100.0,50.0,63.0,14.83,,,,14.91,,,suggested,True,201
ASML,2026-05-13,77.7,Buy candidate,100.0,30.0,90.0,17.83,,,,17.909999999999997,,,suggested,True,201
BTC-USD,2026-05-13,55.8,Watch,60.0,50.0,54.0,-19.25,,,,-19.17,,,suggested,False,0
CRM,2026-05-13,30.6,Wait,0.0,70.0,50.0,0.29,,,,0.37,,,suggested,True,201
GLNG,2026-05-13,80.1,Buy candidate,100.0,40.0,89.0,-9.27,,,,-9.19,,,suggested,True,201
GOOG,2026-05-13,84.8,Buy candidate,100.0,55.0,90.0,-10.19,,,,-10.11,,,suggested,True,201
IBM,2026-05-13,26.7,Wait,0.0,50.0,60.0,26.84,,,,26.919999999999998,,,suggested,True,201
IONQ,2026-05-13,61.8,Watch,90.0,33.0,33.0,4.69,,,,4.7700000000000005,,,suggested,True,110
MSFT,2026-05-13,52.9,Wait,40.0,60.0,76.0,-3.36,,,,-3.28,,,suggested,True,201
MU,2026-05-13,77.7,Buy candidate,100.0,50.0,65.0,22.15,,,,22.229999999999997,,,suggested,False,201
NFLX,2026-05-13,33.8,Wait,10.0,60.0,56.0,-8.25,,,,-8.17,,,suggested,True,201
NVDA,2026-05-13,86.2,Buy candidate,100.0,60.0,90.0,-9.03,,,,-8.95,,,suggested,True,201
PLTR,2026-05-13,25.3,Wait,10.0,40.0,43.0,-1.58,,,,-1.5,,,suggested,True,134
QBTS,2026-05-13,40.1,Wait,70.0,0.0,25.0,9.0,,,,9.08,,,suggested,True,90
RGTI,2026-05-13,44.9,Wait,50.0,50.0,25.0,13.93,,,,14.01,,,suggested,True,100
SHOP,2026-05-13,15.2,Wait,0.0,25.0,40.0,13.46,,,,13.540000000000001,,,suggested,True,201
SNOW,2026-05-13,22.6,Wait,10.0,33.0,40.0,52.77,,,,52.85,,,suggested,True,135
SPY,2026-05-13,84.9,Buy candidate,100.0,50.0,100.0,-0.08,,,,0.0,,,suggested,False,201
ZS,2026-05-13,37.6,Wait,30.0,50.0,40.0,-15.03,,,,-14.95,,,suggested,True,195
AAPL,2026-06-08,80.3,Buy candidate,100.0,38.0,96.0,4.87,,,,2.92,,,suggested,True,203
AMD,2026-06-08,76.2,Buy candidate,100.0,50.0,56.0,11.5,,,,9.55,,,suggested,True,203
ASML,2026-06-08,75.0,Buy candidate,100.0,30.0,80.0,3.16,,,,1.2100000000000002,,,suggested,True,203
BTC-USD,2026-06-08,25.0,Wait,0.0,50.0,50.0,-4.68,,,,-6.63,,,suggested,False,0
CRM,2026-06-08,42.1,Wait,20.0,70.0,57.0,-10.75,,,,-12.7,,,suggested,True,203
GLNG,2026-06-08,63.6,Watch,70.0,40.0,79.0,0.24,,,,-1.71,,,suggested,True,203
GOOG,2026-06-08,77.4,Buy candidate,90.0,55.0,81.0,-1.37,,,,-3.3200000000000003,,,suggested,True,203
IBM,2026-06-08,74.8,Buy candidate,90.0,50.0,76.0,5.16,,,,3.21,,,suggested,True,203
IONQ,2026-06-08,68.7,Watch,100.0,33.0,42.0,-28.71,,,,-30.66,,,suggested,True,112
MSFT,2026-06-08,56.1,Watch,50.0,60.0,67.0,-6.65,,,,-8.6,,,suggested,True,203
MU,2026-06-08,81.3,Buy candidate,100.0,70.0,53.0,4.48,,,,2.5300000000000002,,,suggested,True,203
NFLX,2026-06-08,28.2,Wait,0.0,60.0,52.0,-8.68,,,,-10.629999999999999,,,suggested,True,203
NVDA,2026-06-08,79.0,Buy candidate,90.0,60.0,79.0,-2.81,,,,-4.76,,,suggested,True,203
PLTR,2026-06-08,25.9,Wait,10.0,40.0,46.0,-5.44,,,,-7.390000000000001,,,suggested,True,136
QBTS,2026-06-08,50.0,Wait,90.0,0.0,25.0,-18.08,,,,-20.029999999999998,,,suggested,True,92
RGTI,2026-06-08,54.6,Wait,70.0,50.0,25.0,-21.94,,,,-23.89,,,suggested,True,102
SHOP,2026-06-08,20.6,Wait,10.0,25.0,42.0,11.18,,,,9.23,,,suggested,True,203
SNOW,2026-06-08,69.7,Watch,100.0,33.0,51.0,11.25,,,,9.3,,,suggested,True,137
SPY,2026-06-08,84.6,Buy candidate,100.0,50.0,98.0,1.95,,,,0.0,,,suggested,False,203
ZS,2026-06-08,22.7,Wait,0.0,50.0,40.0,13.83,,,,11.88,,,suggested,True,197
AAPL,2026-04-10,52.6,Wait,50.0,38.0,82.0,12.47,21.93,,,3.66,11.4,,suggested,True,199
AMD,2026-04-10,76.6,Buy candidate,100.0,50.0,58.0,87.23,118.08,,,78.42,107.55,,suggested,True,199
ASML,2026-04-10,74.8,Buy candidate,100.0,30.0,77.0,6.15,17.02,,,-2.66,6.49,,suggested,True,199
BTC-USD,2026-04-10,45.0,Wait,40.0,50.0,50.0,7.13,-12.93,,,-1.6800000000000006,-23.46,,suggested,False,0
CRM,2026-04-10,24.5,Wait,0.0,50.0,50.0,7.6,4.03,,,-1.2100000000000009,-6.499999999999999,,suggested,False,199
GLNG,2026-04-10,79.8,Buy candidate,100.0,40.0,86.0,6.64,-3.66,,,-2.170000000000001,-14.19,,suggested,True,199
GOOG,2026-04-10,78.1,Buy candidate,90.0,55.0,82.0,22.5,11.14,,,13.69,0.6100000000000012,,suggested,True,199
IBM,2026-04-10,32.5,Wait,10.0,50.0,64.0,-2.41,26.75,,,-11.22,16.22,,suggested,True,199
IONQ,2026-04-10,19.8,Wait,10.0,33.0,25.0,97.6,35.12,,,88.78999999999999,24.589999999999996,,suggested,True,108
MSFT,2026-04-10,34.5,Wait,10.0,60.0,59.0,11.27,5.65,,,2.459999999999999,-4.879999999999999,,suggested,True,199
MU,2026-04-10,76.3,Buy candidate,100.0,50.0,57.0,89.1,122.82,,,80.28999999999999,112.28999999999999,,suggested,False,199
NFLX,2026-04-10,66.2,Watch,70.0,60.0,67.0,-17.05,-28.33,,,-25.86,-38.86,,suggested,True,199
NVDA,2026-04-10,76.2,Buy candidate,90.0,50.0,82.0,16.33,8.02,,,7.519999999999998,-2.51,,suggested,False,199
PLTR,2026-04-10,25.3,Wait,10.0,40.0,42.0,6.9,1.55,,,-1.9100000000000001,-8.979999999999999,,suggested,True,132
QBTS,2026-04-10,9.6,Wait,10.0,0.0,25.0,68.63,31.02,,,59.81999999999999,20.490000000000002,,suggested,True,88
RGTI,2026-04-10,24.9,Wait,10.0,50.0,25.0,39.71,4.63,,,30.9,-5.8999999999999995,,suggested,True,98
SHOP,2026-04-10,20.8,Wait,10.0,25.0,42.0,-7.45,12.59,,,-16.26,2.0600000000000005,,suggested,True,199
SNOW,2026-04-10,22.8,Wait,0.0,50.0,40.0,25.09,121.89,,,16.28,111.36,,suggested,False,133
SPY,2026-04-10,79.2,Buy candidate,90.0,50.0,98.0,8.81,10.53,,,0.0,0.0,,suggested,False,199
ZS,2026-04-10,22.8,Wait,0.0,50.0,40.0,26.11,20.14,,,17.299999999999997,9.610000000000001,,suggested,False,193
AAPL,2026-03-27,42.0,Wait,30.0,38.0,78.0,8.81,13.34,,,-3.4299999999999997,-3.8200000000000003,,suggested,True,198
AMD,2026-03-27,43.6,Wait,40.0,50.0,42.0,60.01,167.09,,,47.769999999999996,149.93,,suggested,True,198
ASML,2026-03-27,63.5,Watch,70.0,50.0,66.0,6.53,44.9,,,-5.71,27.74,,suggested,False,198
BTC-USD,2026-03-27,25.0,Wait,0.0,50.0,50.0,16.26,10.6,,,4.020000000000001,-6.5600000000000005,,suggested,False,0
CRM,2026-03-27,25.1,Wait,0.0,50.0,52.0,1.37,-11.48,,,-10.870000000000001,-28.64,,suggested,False,198
GLNG,2026-03-27,83.0,Buy candidate,100.0,50.0,90.0,-3.98,-9.32,,,-16.22,-26.48,,suggested,False,198
GOOG,2026-03-27,49.4,Wait,40.0,50.0,70.0,26.94,28.39,,,14.700000000000001,11.23,,suggested,False,198
IBM,2026-03-27,28.0,Wait,0.0,50.0,66.0,-1.4,18.49,,,-13.64,1.3299999999999983,,suggested,False,198
IONQ,2026-03-27,24.9,Wait,10.0,50.0,25.0,56.6,95.86,,,44.36,78.7,,suggested,False,107
MSFT,2026-03-27,26.1,Wait,0.0,50.0,57.0,20.32,3.53,,,8.08,-13.63,,suggested,False,198
MU,2026-03-27,58.4,Watch,70.0,50.0,43.0,41.23,220.74,,,28.989999999999995,203.58,,suggested,False,198
NFLX,2026-03-27,41.9,Wait,30.0,50.0,60.0,-1.24,-21.03,,,-13.48,-38.19,,suggested,False,198
NVDA,2026-03-27,32.4,Wait,10.0,50.0,61.0,27.25,16.52,,,15.01,-0.6400000000000006,,suggested,False,198
PLTR,2026-03-27,34.8,Wait,20.0,50.0,50.0,-1.31,-19.12,,,-13.55,-36.28,,suggested,False,131
QBTS,2026-03-27,24.7,Wait,10.0,50.0,25.0,30.29,71.44,,,18.049999999999997,54.28,,suggested,False,87
RGTI,2026-03-27,24.9,Wait,10.0,50.0,25.0,23.05,45.95,,,10.81,28.790000000000003,,suggested,False,97
SHOP,2026-03-27,25.6,Wait,10.0,50.0,28.0,9.12,2.11,,,-3.120000000000001,-15.05,,suggested,False,198
SNOW,2026-03-27,22.9,Wait,0.0,50.0,40.0,-6.7,64.69,,,-18.94,47.53,,suggested,False,132
SPY,2026-03-27,38.4,Wait,10.0,50.0,92.0,12.24,17.16,,,0.0,0.0,,suggested,False,198
ZS,2026-03-27,22.7,Wait,0.0,50.0,40.0,2.19,3.33,,,-10.05,-13.83,,suggested,False,192
AAPL,2025-04-24,34.5,Wait,10.0,50.0,71.0,-6.16,2.78,24.88,28.99,-12.09,-14.1,1.3000000000000007,suggested,False,176
AMD,2025-04-24,23.4,Wait,0.0,50.0,40.0,16.77,76.21,148.75,254.22,10.84,59.33,125.17,suggested,False,176
ASML,2025-04-24,23.0,Wait,0.0,50.0,42.0,8.85,5.7,54.41,114.54,2.92,-11.18,30.83,suggested,False,176
BTC-USD,2025-04-24,68.8,Watch,80.0,50.0,69.0,10.43,13.86,19.8,-5.55,4.5,-3.0199999999999996,-3.7799999999999976,suggested,False,0
CRM,2025-04-24,27.3,Wait,0.0,50.0,63.0,3.18,1.83,-3.32,-31.42,-2.7499999999999996,-15.049999999999999,-26.9,suggested,False,176
GLNG,2025-04-24,74.7,Buy candidate,90.0,50.0,73.0,-6.07,1.53,-3.31,34.65,-12.0,-15.35,-26.889999999999997,suggested,False,176
GOOG,2025-04-24,33.7,Wait,10.0,50.0,68.0,5.03,20.34,57.47,116.59,-0.8999999999999995,3.460000000000001,33.89,suggested,False,176
IBM,2025-04-24,55.4,Watch,50.0,50.0,77.0,13.53,14.01,25.95,1.91,7.6,-2.869999999999999,2.370000000000001,suggested,False,176
IONQ,2025-04-24,54.6,Wait,70.0,50.0,25.0,60.94,52.06,109.12,54.42,55.01,35.18000000000001,85.54,suggested,False,85
MSFT,2025-04-24,32.1,Wait,0.0,50.0,84.0,16.45,32.88,34.88,10.53,10.52,16.000000000000004,11.300000000000004,suggested,False,176
MU,2025-04-24,20.4,Wait,0.0,50.0,25.0,20.6,43.84,167.42,579.17,14.670000000000002,26.960000000000004,143.83999999999997,suggested,False,176
NFLX,2025-04-24,82.7,Buy candidate,100.0,50.0,90.0,8.07,7.62,1.52,-16.7,2.1400000000000006,-9.259999999999998,-22.06,suggested,False,176
NVDA,2025-04-24,27.5,Wait,10.0,50.0,37.0,23.36,63.03,71.18,103.57,17.43,46.150000000000006,47.60000000000001,suggested,False,176
PLTR,2025-04-24,75.8,Buy candidate,100.0,50.0,52.0,14.41,47.34,67.45,32.77,8.48,30.460000000000004,43.870000000000005,suggested,False,109
QBTS,2025-04-24,65.9,Watch,90.0,50.0,31.0,155.78,156.73,322.59,155.78,149.85,139.85,299.01,suggested,False,65
RGTI,2025-04-24,49.7,Wait,60.0,50.0,25.0,50.75,66.02,325.75,81.83,44.82,49.14,302.17,suggested,False,75
SHOP,2025-04-24,42.4,Wait,40.0,50.0,39.0,6.72,30.81,75.6,30.6,0.79,13.93,52.019999999999996,suggested,False,176
SNOW,2025-04-24,57.8,Watch,60.0,50.0,63.0,26.09,38.35,59.45,-9.08,20.16,21.470000000000002,35.870000000000005,suggested,False,110
SPY,2025-04-24,37.7,Wait,10.0,50.0,90.0,5.93,16.88,23.58,32.32,0.0,0.0,0.0,suggested,False,176
ZS,2025-04-24,75.1,Buy candidate,90.0,50.0,77.0,20.92,36.19,51.69,-36.18,14.990000000000002,19.31,28.11,suggested,False,170
AAPL,2025-04-08,31.8,Wait,10.0,50.0,57.0,14.54,23.35,50.04,51.73,0.7299999999999986,-3.0700000000000003,13.689999999999998,suggested,False,175
AMD,2025-04-08,23.4,Wait,0.0,50.0,40.0,30.03,84.32,201.19,213.31,16.22,57.89999999999999,164.84,suggested,False,175
ASML,2025-04-08,22.8,Wait,0.0,50.0,40.0,19.29,35.14,66.85,150.47,5.479999999999999,8.719999999999999,30.499999999999993,suggested,False,175
BTC-USD,2025-04-08,30.4,Wait,10.0,50.0,52.0,23.62,44.56,57.56,15.17,9.81,18.14,21.21,suggested,False,0
CRM,2025-04-08,26.2,Wait,0.0,50.0,57.0,14.83,8.53,-0.98,-31.78,1.0199999999999996,-17.89,-37.33,suggested,False,175
GLNG,2025-04-08,37.4,Wait,20.0,50.0,64.0,19.53,27.31,20.43,69.93,5.720000000000001,0.889999999999997,-15.920000000000002,suggested,False,175
GOOG,2025-04-08,27.4,Wait,0.0,50.0,61.0,6.26,22.06,67.81,116.14,-7.550000000000001,-4.360000000000003,31.46,suggested,False,175
IBM,2025-04-08,44.9,Wait,30.0,50.0,74.0,14.98,30.91,32.72,7.0,1.17,4.489999999999998,-3.6300000000000026,suggested,False,175
IONQ,2025-04-08,44.6,Wait,50.0,50.0,25.0,49.62,115.84,249.15,35.29,35.809999999999995,89.42,212.8,suggested,False,84
MSFT,2025-04-08,30.8,Wait,0.0,50.0,77.0,23.58,41.7,48.54,5.4,9.769999999999998,15.280000000000001,12.189999999999998,suggested,False,175
MU,2025-04-08,23.4,Wait,0.0,50.0,40.0,29.92,88.02,200.35,543.27,16.11,61.599999999999994,164.0,suggested,False,175
NFLX,2025-04-08,54.4,Wait,50.0,50.0,73.0,31.48,43.68,39.5,18.35,17.67,17.259999999999998,3.1499999999999986,suggested,False,175
NVDA,2025-04-08,29.3,Wait,10.0,50.0,45.0,21.88,70.42,96.4,95.92,8.069999999999999,44.0,60.050000000000004,suggested,False,175
PLTR,2025-04-08,51.0,Wait,60.0,50.0,28.0,54.1,84.3,137.4,65.62,40.29,57.879999999999995,101.05000000000001,suggested,False,108
QBTS,2025-04-08,54.7,Wait,70.0,50.0,25.0,67.52,157.4,450.64,129.1,53.709999999999994,130.98000000000002,414.28999999999996,suggested,False,64
RGTI,2025-04-08,39.7,Wait,40.0,50.0,25.0,33.55,68.78,459.97,90.16,19.739999999999995,42.36,423.62,suggested,False,74
SHOP,2025-04-08,28.0,Wait,10.0,50.0,40.0,21.94,49.38,115.89,43.72,8.13,22.96,79.53999999999999,suggested,False,175
SNOW,2025-04-08,29.9,Wait,10.0,50.0,50.0,30.3,60.6,87.41,-9.29,16.490000000000002,34.18,51.059999999999995,suggested,False,109
SPY,2025-04-08,31.1,Wait,0.0,50.0,82.0,13.81,26.42,36.35,38.42,0.0,0.0,0.0,suggested,False,175
ZS,2025-04-08,32.0,Wait,10.0,50.0,62.0,31.69,67.3,77.3,-33.32,17.880000000000003,40.879999999999995,40.949999999999996,suggested,False,169
AAPL,2025-03-05,58.6,Watch,50.0,50.0,92.0,-13.81,-13.85,1.96,9.69,-6.140000000000001,-16.36,-10.030000000000001,suggested,False,173
AMD,2025-03-05,22.7,Wait,0.0,50.0,40.0,-7.74,16.63,59.13,89.27,-0.07000000000000028,14.12,47.14,suggested,False,173
ASML,2025-03-05,54.5,Wait,60.0,50.0,48.0,-15.75,0.72,2.42,76.29,-8.08,-1.7899999999999998,-9.57,suggested,False,173
BTC-USD,2025-03-05,48.2,Wait,40.0,50.0,66.0,-4.11,7.07,22.85,12.18,3.5599999999999996,4.5600000000000005,10.860000000000001,suggested,False,0
CRM,2025-03-05,44.3,Wait,30.0,50.0,70.0,-12.58,-9.72,-16.16,-30.33,-4.91,-12.23,-28.15,suggested,False,173
GLNG,2025-03-05,49.0,Wait,40.0,50.0,72.0,-4.7,17.03,25.2,35.3,2.9699999999999998,14.520000000000001,13.209999999999999,suggested,False,173
GOOG,2025-03-05,45.2,Wait,30.0,50.0,75.0,-12.68,-3.09,33.27,71.13,-5.01,-5.6,21.28,suggested,False,173
IBM,2025-03-05,79.3,Buy candidate,90.0,50.0,95.0,-3.13,6.34,-0.34,5.54,4.54,3.83,-12.33,suggested,False,173
IONQ,2025-03-05,40.4,Wait,40.0,50.0,25.0,2.74,75.17,86.08,57.89,10.41,72.66,74.09,suggested,False,82
MSFT,2025-03-05,32.3,Wait,0.0,50.0,87.0,-6.96,15.88,27.11,2.76,0.71,13.370000000000001,15.12,suggested,False,173
MU,2025-03-05,28.6,Wait,10.0,50.0,42.0,-21.1,9.59,31.96,293.8,-13.430000000000001,7.08,19.97,suggested,False,173
NFLX,2025-03-05,81.8,Buy candidate,100.0,50.0,84.0,-7.45,25.1,26.9,-0.07,0.21999999999999975,22.590000000000003,14.909999999999998,suggested,False,173
NVDA,2025-03-05,37.0,Wait,20.0,50.0,59.0,-13.21,21.0,46.37,51.64,-5.540000000000001,18.490000000000002,34.379999999999995,suggested,False,173
PLTR,2025-03-05,73.3,Buy candidate,100.0,50.0,38.0,-7.25,44.25,73.24,74.37,0.41999999999999993,41.74,61.24999999999999,suggested,False,106
QBTS,2025-03-05,54.6,Wait,70.0,50.0,25.0,27.86,218.21,173.04,231.96,35.53,215.70000000000002,161.04999999999998,suggested,False,62
RGTI,2025-03-05,54.7,Wait,70.0,50.0,25.0,-0.37,44.5,84.84,107.95,7.3,41.99,72.85000000000001,suggested,False,72
SHOP,2025-03-05,57.6,Watch,60.0,50.0,63.0,-22.48,-2.42,36.74,22.66,-14.81,-4.93,24.75,suggested,False,173
SNOW,2025-03-05,69.8,Watch,80.0,50.0,72.0,-21.1,18.21,25.15,1.79,-13.430000000000001,15.700000000000001,13.159999999999998,suggested,False,107
SPY,2025-03-05,54.3,Wait,40.0,50.0,96.0,-7.67,2.51,11.99,16.67,0.0,0.0,0.0,suggested,False,173
ZS,2025-03-05,50.7,Wait,40.0,50.0,80.0,-2.16,51.11,36.55,-16.49,5.51,48.6,24.559999999999995,suggested,False,167
AAPL,2025-01-15,68.9,Watch,70.0,50.0,92.0,2.94,-18.24,-11.01,7.91,0.08999999999999986,-7.179999999999998,-17.509999999999998,suggested,False,170
AMD,2025-01-15,22.7,Wait,0.0,50.0,40.0,-5.72,-26.4,30.87,93.26,-8.57,-15.339999999999998,24.37,suggested,False,170
ASML,2025-01-15,44.1,Wait,40.0,50.0,47.0,3.7,-12.4,1.67,88.84,0.8500000000000001,-1.3399999999999999,-4.83,suggested,False,170
BTC-USD,2025-01-15,80.0,Buy candidate,100.0,50.0,75.0,-3.87,-13.58,9.13,12.76,-6.720000000000001,-2.5199999999999996,2.630000000000001,suggested,False,0
CRM,2025-01-15,65.9,Watch,70.0,50.0,78.0,1.68,-22.08,-18.04,-28.82,-1.1700000000000002,-11.019999999999998,-24.54,suggested,False,170
GLNG,2025-01-15,77.6,Buy candidate,90.0,50.0,87.0,-3.49,-10.79,-1.43,-3.6,-6.34,0.27000000000000135,-7.93,suggested,False,170
GOOG,2025-01-15,82.8,Buy candidate,100.0,50.0,90.0,-5.13,-20.97,-5.38,68.36,-7.98,-9.909999999999998,-11.879999999999999,suggested,False,170
IBM,2025-01-15,63.8,Watch,60.0,50.0,93.0,19.54,9.15,31.66,42.51,16.689999999999998,20.21,25.16,suggested,False,170
IONQ,2025-01-15,74.0,Buy candidate,100.0,50.0,43.0,-4.9,-37.62,18.08,28.97,-7.75,-26.559999999999995,11.579999999999998,suggested,False,79
MSFT,2025-01-15,63.7,Watch,60.0,50.0,92.0,-4.19,-12.66,20.1,8.67,-7.040000000000001,-1.5999999999999996,13.600000000000001,suggested,False,170
MU,2025-01-15,54.3,Wait,60.0,50.0,48.0,-3.56,-32.73,11.1,252.69,-6.41,-21.669999999999995,4.6,suggested,False,170
NFLX,2025-01-15,66.4,Watch,70.0,50.0,81.0,24.8,13.37,42.56,3.74,21.95,24.43,36.06,suggested,False,170
NVDA,2025-01-15,59.6,Watch,60.0,50.0,72.0,1.92,-23.3,26.57,36.73,-0.9300000000000002,-12.24,20.07,suggested,False,170
PLTR,2025-01-15,70.2,Buy candidate,90.0,50.0,48.0,74.88,36.06,125.3,150.9,72.03,47.120000000000005,118.8,suggested,False,103
QBTS,2025-01-15,69.6,Watch,100.0,50.0,25.0,10.02,11.23,226.25,397.93,7.17,22.29,219.75,suggested,False,59
RGTI,2025-01-15,69.7,Watch,100.0,50.0,25.0,7.95,-24.59,56.86,134.19,5.1,-13.53,50.36,suggested,False,69
SHOP,2025-01-15,63.9,Watch,70.0,50.0,68.0,23.13,-19.46,21.9,49.47,20.279999999999998,-8.4,15.399999999999999,suggested,False,170
SNOW,2025-01-15,65.3,Watch,80.0,50.0,51.0,13.21,-11.85,30.89,26.96,10.360000000000001,-0.7899999999999991,24.39,suggested,False,104
SPY,2025-01-15,69.8,Watch,70.0,50.0,98.0,2.85,-11.06,6.5,18.05,0.0,0.0,0.0,suggested,False,170
ZS,2025-01-15,46.1,Wait,40.0,50.0,55.0,11.95,6.78,51.97,12.63,9.1,17.84,45.47,suggested,False,164
AAPL,2026-01-15,52.6,Wait,50.0,38.0,81.0,2.29,4.75,,,3.6500000000000004,1.88,,manual,True,194
AMD,2026-01-15,70.4,Buy candidate,90.0,50.0,52.0,-10.9,22.14,,,-9.540000000000001,19.27,,manual,True,194
ASML,2026-01-15,81.2,Buy candidate,100.0,50.0,80.0,6.76,9.77,,,8.12,6.8999999999999995,,manual,False,194
BTC-USD,2026-01-15,43.4,Wait,30.0,50.0,67.0,-34.38,-26.83,-18.85,,-33.02,-29.7,,manual,False,0
CRM,2026-01-15,26.0,Wait,0.0,50.0,56.0,-21.09,-21.81,,,-19.73,-24.68,,manual,False,194
GLNG,2026-01-15,70.2,Buy candidate,80.0,50.0,78.0,11.74,31.84,,,13.1,28.97,,manual,False,194
GOOG,2026-01-15,82.7,Buy candidate,100.0,50.0,90.0,-9.11,1.94,,,-7.749999999999999,-0.9300000000000002,,manual,False,194
IBM,2026-01-15,66.6,Watch,70.0,50.0,85.0,-12.81,-14.44,,,-11.450000000000001,-17.31,,manual,False,194
IONQ,2026-01-15,44.7,Wait,50.0,50.0,25.0,-30.24,-3.09,,,-28.88,-5.96,,manual,False,103
MSFT,2026-01-15,37.0,Wait,10.0,50.0,85.0,-13.1,-7.21,,,-11.74,-10.08,,manual,False,194
MU,2026-01-15,77.9,Buy candidate,100.0,50.0,63.0,18.76,35.24,,,20.12,32.370000000000005,,manual,False,194
NFLX,2026-01-15,30.9,Wait,10.0,50.0,56.0,-12.55,10.52,,,-11.190000000000001,7.6499999999999995,,manual,False,194
NVDA,2026-01-15,78.9,Buy candidate,100.0,50.0,71.0,-1.11,7.83,,,0.25,4.96,,manual,False,194
PLTR,2026-01-15,45.3,Wait,40.0,50.0,51.0,-24.88,-17.33,,,-23.52,-20.2,,manual,False,127
QBTS,2026-01-15,66.0,Watch,90.0,50.0,30.0,-35.79,-24.48,,,-34.43,-27.35,,manual,False,83
RGTI,2026-01-15,45.0,Wait,50.0,50.0,25.0,-36.88,-19.8,,,-35.52,-22.67,,manual,False,93
SHOP,2026-01-15,64.2,Watch,70.0,50.0,69.0,-28.13,-16.99,,,-26.77,-19.86,,manual,False,194
SNOW,2026-01-15,30.9,Wait,10.0,50.0,55.0,-14.75,-30.69,,,-13.39,-33.56,,manual,False,128
SPY,2026-01-15,84.9,Buy candidate,100.0,50.0,100.0,-1.36,2.87,,,0.0,0.0,,manual,False,194
ZS,2026-01-15,28.2,Wait,10.0,50.0,43.0,-18.04,-36.04,,,-16.68,-38.91,,manual,False,188
